Fri,Sat,Sun,Mon,Tue,Wed,Thu,Fri,Sat,Sun,Mon,Tue,Wed,Thu,Fri,Sat,Sun,Mon,Tue,Wed,Thu,Fri,Sat,Sun,Mon,Tue,Wed,Thu,Fri,Sat,Sun,Mon,Tue,Wed,Thu,Fri,Sat,Sun,Mon,Tue,Wed,Thu,Fri,Sat,Sun,Mon,Tue,Wed,Thu,Fri,Sat,Sun,Mon,Tue,Wed,Thu,Fri,Sat,Sun,Mon,Tue,Wed,Thu,Fri,Sat,Sun,Mon,Tue,Wed,Thu,Fri,Sat,Sun,Mon,Tue,Wed,Thu,Fri,Sat,Sun,Mon,Tue,Wed,Thu,Fri,Sat,Sun,Mon,Tue,Wed,Thu,Fri,Sat,Sun,Mon,Tue,Wed,Thu,Fri,Sat,Sun,Mon,Tue,Wed,Thu,Fri,Sat,Sun,Mon,Tue,Wed,Thu,Fri,Sat,Sun,Mon,Tue,Wed,Thu,Fri,Sat,Sun,Mon,Tue,Wed,Thu,Fri,Sat,Sun,Mon,Tue,Wed,Thu,Fri,Sat,Sun,Mon,Tue,Wed,Thu,Fri,Sat,Sun,Mon,Tue,Wed,Thu,Fri,Sat,Sun,Mon,Tue,Wed,Thu,Fri,Sat,Sun,Mon,Tue,Wed,Thu,Fri,Sat,Sun,Mon,Tue,Wed,Thu,Fri,Sat,Sun,Mon,Tue,Wed,Thu,Fri,Sat,Sun,Mon,Tue,Wed,Thu,Fri,Sat,Sun,Mon,Tue,Wed,Thu,Fri,Sat,Sun,Mon,Tue,Wed,Thu,Fri,Sat,Sun,Mon,Tue,Wed,Thu,Fri,Sat,Sun,Mon,Tue,Wed,Thu,Fri,Sat,Sun,Mon,Tue,Wed,Thu,Fri,Sat,Sun,Mon,Tue,Wed,Thu,Fri,Sat,Sun,Mon,Tue,Wed,Thu,Fri,Sat,Sun,Mon,Tue,Wed,Thu,Fri,Sat,Sun,Mon,Tue,Wed,Thu,Fri,Sat,Sun,Mon,Tue,Wed,Thu,Fri,Sat,Sun,Mon,Tue,Wed,Thu,Fri,Sat,Sun,Mon,Tue,Wed,Thu,Fri,Sat,Sun,Mon,Tue,Wed,Thu,Fri,Sat,Sun,Mon,Tue,Wed,Thu,Fri,Sat,Sun,Mon,Tue,Wed,Thu,Fri,Sat,Sun,Mon,Tue,Wed,Thu,Fri,Sat,Sun,Mon,Tue,Wed,Thu,Fri,Sat,Sun,Mon,Tue,Wed,Thu,Fri,Sat,Sun,Mon,Tue,Wed,Thu,Fri,Sat,Sun,Mon,Tue,Wed,Thu,Fri,Sat,Sun,Mon,Tue,Wed,Thu,Fri,Sat,Sun,Mon,Tue,Wed,Thu,Fri,Sat,Sun,Mon,Tue,Wed,Thu,Fri,Sat,Sun,Mon,Tue,Wed,Thu,Fri,Sat,Sun,Mon,Tue,Wed,Thu,Fri,Sat,Sun,Mon,Tue,Wed,Thu,Fri,Sat
2016-01-01,2016-01-02,2016-01-03,2016-01-04,2016-01-05,2016-01-06,2016-01-07,2016-01-08,2016-01-09,2016-01-10,2016-01-11,2016-01-12,2016-01-13,2016-01-14,2016-01-15,2016-01-16,2016-01-17,2016-01-18,2016-01-19,2016-01-20,2016-01-21,2016-01-22,2016-01-23,2016-01-24,2016-01-25,2016-01-26,2016-01-27,2016-01-28,2016-01-29,2016-01-30,2016-01-31,2016-02-01,2016-02-02,2016-02-03,2016-02-04,2016-02-05,2016-02-06,2016-02-07,2016-02-08,2016-02-09,2016-02-10,2016-02-11,2016-02-12,2016-02-13,2016-02-14,2016-02-15,2016-02-16,2016-02-17,2016-02-18,2016-02-19,2016-02-20,2016-02-21,2016-02-22,2016-02-23,2016-02-24,2016-02-25,2016-02-26,2016-02-27,2016-02-28,2016-02-29,2016-03-01,2016-03-02,2016-03-03,2016-03-04,2016-03-05,2016-03-06,2016-03-07,2016-03-08,2016-03-09,2016-03-10,2016-03-11,2016-03-12,2016-03-13,2016-03-14,2016-03-15,2016-03-16,2016-03-17,2016-03-18,2016-03-19,2016-03-20,2016-03-21,2016-03-22,2016-03-23,2016-03-24,2016-03-25,2016-03-26,2016-03-27,2016-03-28,2016-03-29,2016-03-30,2016-03-31,2016-04-01,2016-04-02,2016-04-03,2016-04-04,2016-04-05,2016-04-06,2016-04-07,2016-04-08,2016-04-09,2016-04-10,2016-04-11,2016-04-12,2016-04-13,2016-04-14,2016-04-15,2016-04-16,2016-04-17,2016-04-18,2016-04-19,2016-04-20,2016-04-21,2016-04-22,2016-04-23,2016-04-24,2016-04-25,2016-04-26,2016-04-27,2016-04-28,2016-04-29,2016-04-30,2016-05-01,2016-05-02,2016-05-03,2016-05-04,2016-05-05,2016-05-06,2016-05-07,2016-05-08,2016-05-09,2016-05-10,2016-05-11,2016-05-12,2016-05-13,2016-05-14,2016-05-15,2016-05-16,2016-05-17,2016-05-18,2016-05-19,2016-05-20,2016-05-21,2016-05-22,2016-05-23,2016-05-24,2016-05-25,2016-05-26,2016-05-27,2016-05-28,2016-05-29,2016-05-30,2016-05-31,2016-06-01,2016-06-02,2016-06-03,2016-06-04,2016-06-05,2016-06-06,2016-06-07,2016-06-08,2016-06-09,2016-06-10,2016-06-11,2016-06-12,2016-06-13,2016-06-14,2016-06-15,2016-06-16,2016-06-17,2016-06-18,2016-06-19,2016-06-20,2016-06-21,2016-06-22,2016-06-23,2016-06-24,2016-06-25,2016-06-26,2016-06-27,2016-06-28,2016-06-29,2016-06-30,2016-07-01,2016-07-02,2016-07-03,2016-07-04,2016-07-05,2016-07-06,2016-07-07,2016-07-08,2016-07-09,2016-07-10,2016-07-11,2016-07-12,2016-07-13,2016-07-14,2016-07-15,2016-07-16,2016-07-17,2016-07-18,2016-07-19,2016-07-20,2016-07-21,2016-07-22,2016-07-23,2016-07-24,2016-07-25,2016-07-26,2016-07-27,2016-07-28,2016-07-29,2016-07-30,2016-07-31,2016-08-01,2016-08-02,2016-08-03,2016-08-04,2016-08-05,2016-08-06,2016-08-07,2016-08-08,2016-08-09,2016-08-10,2016-08-11,2016-08-12,2016-08-13,2016-08-14,2016-08-15,2016-08-16,2016-08-17,2016-08-18,2016-08-19,2016-08-20,2016-08-21,2016-08-22,2016-08-23,2016-08-24,2016-08-25,2016-08-26,2016-08-27,2016-08-28,2016-08-29,2016-08-30,2016-08-31,2016-09-01,2016-09-02,2016-09-03,2016-09-04,2016-09-05,2016-09-06,2016-09-07,2016-09-08,2016-09-09,2016-09-10,2016-09-11,2016-09-12,2016-09-13,2016-09-14,2016-09-15,2016-09-16,2016-09-17,2016-09-18,2016-09-19,2016-09-20,2016-09-21,2016-09-22,2016-09-23,2016-09-24,2016-09-25,2016-09-26,2016-09-27,2016-09-28,2016-09-29,2016-09-30,2016-10-01,2016-10-02,2016-10-03,2016-10-04,2016-10-05,2016-10-06,2016-10-07,2016-10-08,2016-10-09,2016-10-10,2016-10-11,2016-10-12,2016-10-13,2016-10-14,2016-10-15,2016-10-16,2016-10-17,2016-10-18,2016-10-19,2016-10-20,2016-10-21,2016-10-22,2016-10-23,2016-10-24,2016-10-25,2016-10-26,2016-10-27,2016-10-28,2016-10-29,2016-10-30,2016-10-31,2016-11-01,2016-11-02,2016-11-03,2016-11-04,2016-11-05,2016-11-06,2016-11-07,2016-11-08,2016-11-09,2016-11-10,2016-11-11,2016-11-12,2016-11-13,2016-11-14,2016-11-15,2016-11-16,2016-11-17,2016-11-18,2016-11-19,2016-11-20,2016-11-21,2016-11-22,2016-11-23,2016-11-24,2016-11-25,2016-11-26,2016-11-27,2016-11-28,2016-11-29,2016-11-30,2016-12-01,2016-12-02,2016-12-03,2016-12-04,2016-12-05,2016-12-06,2016-12-07,2016-12-08,2016-12-09,2016-12-10,2016-12-11,2016-12-12,2016-12-13,2016-12-14,2016-12-15,2016-12-16,2016-12-17,2016-12-18,2016-12-19,2016-12-20,2016-12-21,2016-12-22,2016-12-23,2016-12-24,2016-12-25,2016-12-26,2016-12-27,2016-12-28,2016-12-29,2016-12-30,2016-12-31
128,58,140,55,70,80,76,89,104,140,62,49,46,45,62,88,138,63,46,68,83,86,131,128,83,59,67,57,89,152,155,70,54,64,71,104,138,165,68,41,56,69,71,105,152,83,59,72,96,128,145,156,67,64,68,72,104,107,166,65,57,57,78,98,107,161,58,56,38,76,69,140,157,47,65,61,146,131,110,120,80,57,81,80,97,117,141,125,94,77,93,162,140,165,62,47,62,70,99,129,171,73,54,68,66,83,133,169,65,44,49,67,96,131,178,54,67,62,78,102,153,166,106,57,52,71,107,145,154,65,68,70,65,116,135,146,75,54,68,89,116,136,189,72,70,87,86,97,142,147,67,74,82,84,114,120,120,136,70,59,111,113,133,180,82,49,89,103,110,189,156,63,71,92,107,114,136,181,98,76,82,121,155,154,173,84,66,107,81,101,156,148,96,67,76,89,101,122,143,89,71,88,95,91,132,157,68,77,85,111,121,140,148,111,68,84,78,106,118,140,71,70,103,100,120,135,157,81,63,87,102,103,161,167,76,73,86,107,104,161,174,57,68,75,62,98,156,141,72,48,65,93,120,151,169,67,78,80,79,95,127,153,88,66,52,80,119,164,166,65,54,58,82,94,192,166,53,54,68,77,101,126,182,76,53,69,64,90,142,158,55,59,59,80,134,140,179,67,60,66,80,148,163,139,136,78,63,63,91,128,154,72,64,52,61,107,169,122,63,49,56,66,87,146,163,64,67,58,66,98,166,142,54,48,64,53,101,202,168,65,51,85,90,126,255,202,53,76,63,74,119,257,197,68,82,106,133,204,163,66,67,104,127,162,139,144
181,54,102,45,32,33,43,40,76,111,26,31,31,26,54,67,119,27,27,40,37,50,76,116,34,34,31,35,48,117,152,27,25,54,36,43,97,140,36,27,39,40,64,107,128,43,46,33,50,86,92,116,30,31,30,43,63,83,175,31,23,27,29,66,104,133,30,31,33,38,71,81,133,27,27,34,75,80,85,110,34,25,30,44,74,62,,89,38,42,43,72,109,120,44,28,25,28,60,124,127,28,36,31,39,55,124,133,28,35,36,36,62,79,140,33,23,29,25,75,98,116,108,28,31,41,61,98,133,31,45,35,43,61,91,117,35,33,45,43,54,89,124,35,37,40,52,71,99,100,49,43,50,42,48,101,117,90,47,46,47,56,96,114,41,40,36,41,43,116,121,49,43,48,53,75,121,154,42,51,50,38,70,123,137,47,36,54,40,82,79,115,41,46,59,59,59,93,112,35,32,44,32,74,90,126,29,36,46,51,48,75,108,87,32,36,45,85,106,110,38,31,55,58,63,117,103,40,45,52,67,70,91,131,31,35,54,42,72,117,143,45,33,50,58,53,103,109,34,35,34,51,45,112,117,40,42,56,42,79,96,132,38,34,43,38,60,102,146,40,37,35,46,70,97,133,36,40,48,39,77,107,162,34,28,46,34,61,68,139,32,46,38,36,71,99,107,36,47,44,47,73,108,226,147,52,29,40,68,75,115,37,36,29,46,48,94,95,26,31,37,31,62,109,128,25,32,32,37,68,110,135,20,31,32,30,57,141,152,26,31,41,38,62,168,161,28,36,40,35,93,200,184,41,61,63,108,168,131,53,38,109,83,97,108,103
145,40,65,18,44,44,44,32,64,77,18,41,43,32,40,62,90,25,41,44,42,47,64,99,29,40,42,41,55,66,106,24,34,49,40,48,62,114,17,37,44,40,55,71,99,43,53,67,56,70,73,121,17,42,48,40,37,68,109,23,36,43,40,54,58,84,22,44,41,36,64,76,88,17,42,43,99,82,57,91,20,50,42,44,32,30,124,91,19,41,47,77,91,87,20,41,52,37,44,71,77,25,34,41,41,39,46,99,34,31,42,33,43,49,89,21,37,36,39,60,61,99,90,16,44,42,44,77,82,28,38,41,43,50,63,69,18,39,44,61,34,69,77,23,34,46,48,64,88,100,32,48,49,57,50,70,71,87,23,40,50,54,81,71,31,47,39,43,39,74,93,21,49,43,48,61,87,115,37,43,52,48,62,85,101,27,43,46,57,54,62,137,29,45,47,47,55,69,111,21,42,39,49,50,65,105,34,36,44,48,48,87,76,70,22,40,55,44,72,102,24,43,39,46,42,68,74,28,45,40,69,46,70,113,22,44,52,42,58,74,99,28,40,63,43,48,70,77,27,38,42,48,69,96,109,56,42,70,34,77,76,92,15,37,58,47,55,71,116,21,30,36,36,63,72,101,19,30,45,35,67,71,127,26,35,57,42,46,60,90,24,37,47,41,49,79,88,23,33,37,42,77,90,101,140,45,46,45,42,66,93,14,45,34,35,45,94,96,12,41,44,42,61,70,85,17,40,42,44,65,79,101,18,40,32,39,48,103,138,24,31,40,37,55,125,154,13,44,38,59,63,155,172,29,58,67,78,129,124,15,16,103,63,72,66,111
93,33,77,15,15,16,22,20,30,81,8,31,25,13,31,37,66,18,16,13,19,39,42,69,19,16,15,10,26,51,99,20,21,25,14,40,52,107,18,12,8,23,17,35,75,35,26,27,26,38,39,105,14,15,17,22,25,46,83,17,29,21,13,26,45,59,24,21,17,19,31,59,113,19,23,19,69,58,57,71,17,20,22,27,33,29,109,98,27,28,26,30,64,84,19,17,24,10,16,80,86,22,13,34,23,28,55,88,21,14,18,20,15,53,75,24,19,23,12,34,43,103,78,21,16,19,31,144,75,24,26,19,20,34,49,75,25,25,18,29,26,52,94,24,20,21,25,47,59,99,21,16,15,19,32,49,66,75,25,26,21,36,53,72,13,17,19,34,21,60,83,11,14,25,34,28,55,110,34,19,25,24,36,46,103,24,15,19,21,29,44,84,30,40,18,28,29,73,80,27,28,13,23,23,68,89,23,21,22,19,29,56,68,77,28,26,28,24,70,86,20,34,29,30,23,70,93,26,27,21,53,38,63,90,20,31,23,26,25,57,92,21,32,31,23,23,60,90,20,19,22,16,29,55,74,44,25,33,29,54,48,106,19,23,19,24,45,88,81,17,19,28,14,41,75,98,19,22,21,17,36,72,112,18,13,28,16,38,51,90,16,25,27,21,43,55,88,20,22,16,18,43,72,67,116,33,20,20,28,50,60,18,20,31,18,45,37,77,10,20,16,14,41,56,88,14,13,12,17,29,38,91,15,20,15,12,22,83,97,12,20,14,17,24,117,121,14,26,25,24,41,111,116,22,33,39,60,96,98,5,20,96,70,60,67,58
59,17,39,32,30,26,32,23,40,37,28,19,28,33,25,36,30,27,27,26,32,27,34,43,27,21,19,28,35,45,61,23,17,23,22,31,51,48,26,23,24,23,20,46,38,36,28,36,29,32,44,40,31,25,26,27,34,55,46,37,29,28,24,26,37,40,27,17,31,25,23,41,48,23,31,31,36,39,41,40,26,32,36,29,24,21,80,50,29,44,30,31,44,43,30,21,44,30,37,53,47,31,35,28,27,28,56,39,32,32,38,29,28,53,33,22,29,34,33,44,40,60,46,34,37,27,30,52,57,40,34,41,31,35,41,36,37,23,29,26,41,36,42,36,44,36,44,30,54,66,32,32,36,33,50,50,35,49,38,36,25,62,54,56,34,42,45,38,41,45,58,36,31,45,37,45,61,57,46,29,31,32,44,61,71,41,34,34,35,36,41,71,40,35,39,25,39,60,57,43,40,44,36,45,55,53,48,39,40,28,36,51,50,49,41,37,39,41,51,47,36,41,37,29,36,58,44,37,27,42,37,52,43,60,39,35,39,41,37,74,63,36,40,43,29,31,34,46,37,37,31,23,32,44,84,43,33,37,26,45,48,47,41,31,42,40,36,56,61,39,26,34,25,33,53,51,39,32,30,40,44,48,51,39,36,35,30,33,48,76,27,35,24,33,50,44,49,36,24,33,35,40,57,33,73,38,42,35,40,50,43,29,26,32,31,37,40,43,29,23,24,30,43,42,27,32,25,33,27,34,43,53,33,36,31,29,31,49,65,34,25,34,35,30,72,59,35,27,27,38,44,81,73,28,40,37,43,65,72,6,18,83,26,48,38,48
37,40,34,70,70,56,98,64,54,32,68,74,57,63,62,30,28,60,62,60,62,59,55,38,79,73,62,59,76,40,39,63,62,63,63,67,53,40,68,49,58,91,58,58,37,53,59,52,63,64,41,37,74,59,75,65,75,58,37,59,71,65,58,54,46,43,85,93,68,63,73,52,38,82,78,81,54,72,48,33,66,79,77,74,66,37,62,46,77,58,59,75,59,37,92,63,70,73,64,52,37,76,78,66,72,83,65,54,80,76,75,73,86,68,57,81,75,79,90,85,74,45,46,95,71,79,82,95,48,84,85,77,84,82,61,39,83,80,82,64,81,55,51,73,97,90,88,81,73,43,86,89,104,89,110,68,44,46,100,81,94,86,49,56,99,73,80,87,97,65,43,74,83,77,86,81,66,47,93,77,94,95,80,49,39,61,64,80,66,72,64,56,83,85,77,80,76,53,48,86,78,86,76,82,66,56,69,76,85,82,87,53,52,30,83,78,89,67,74,37,68,66,68,68,61,67,32,70,85,70,87,69,54,55,61,70,77,79,62,50,53,74,70,64,83,68,52,64,62,95,77,65,71,55,45,86,83,71,72,84,62,45,87,100,102,115,80,54,35,71,95,88,96,96,44,50,90,79,86,92,103,65,46,72,81,92,104,73,48,45,73,76,80,83,79,58,40,85,89,83,87,72,58,43,52,97,87,76,89,63,39,86,73,83,81,78,50,31,71,92,83,81,89,43,36,73,77,88,78,89,40,39,68,101,87,87,96,63,38,100,86,91,75,88,51,44,81,75,82,84,76,62,39,78,75,84,83,73,40,3,23,53,51,80,54,44
55,59,46,278,262,320,308,255,98,50,265,292,282,246,254,79,61,275,294,306,318,266,102,54,302,264,290,285,269,112,52,298,295,298,318,288,96,57,288,289,331,285,287,92,49,299,288,322,292,301,88,54,326,296,314,314,312,80,64,316,307,338,299,285,103,66,303,304,329,330,305,115,67,300,310,312,96,192,135,84,317,313,311,297,222,117,68,90,264,267,284,255,102,52,327,305,312,322,286,110,68,305,284,302,304,253,98,76,280,304,312,307,285,104,65,279,291,317,340,288,118,61,81,309,296,299,288,161,75,301,314,323,312,297,124,63,314,307,313,320,314,121,78,317,296,325,287,281,144,80,306,304,340,321,300,118,82,114,276,312,351,290,120,64,330,301,327,283,285,132,84,302,307,313,312,302,137,94,278,309,313,320,268,130,65,311,307,301,290,295,120,80,306,288,287,281,277,134,92,259,273,260,283,245,122,64,281,292,307,277,250,98,60,63,260,306,278,277,116,72,287,297,319,318,283,103,82,297,307,313,316,292,114,94,298,270,319,290,277,131,85,247,278,267,289,300,111,83,279,288,301,302,276,135,64,303,303,308,326,298,94,67,313,322,329,314,298,113,66,307,327,323,323,304,120,54,319,305,317,329,302,108,63,311,315,303,299,317,101,59,318,304,335,325,335,115,58,293,318,323,352,325,104,75,95,312,316,333,338,128,83,320,310,318,321,301,105,80,347,336,322,337,305,120,76,312,306,316,321,301,137,70,316,360,313,315,324,130,71,308,333,307,327,296,99,66,334,329,336,346,302,87,72,293,291,291,228,170,94,34,50,92,133,124,129,94
88,136,111,927,996,1109,1133,1002,236,120,972,1147,907,865,783,198,138,1118,1135,1082,1052,1056,259,139,1107,1038,1096,1117,1056,283,151,1098,1119,1101,1135,1114,255,136,1065,1145,1120,1061,1065,265,137,1028,1132,1086,969,1017,269,152,1179,1161,1145,1128,1106,267,132,1106,1215,1176,1156,1077,315,142,1159,1180,1221,1185,1120,313,159,1206,1209,1216,258,738,258,144,1036,1163,1106,1095,804,275,137,175,941,970,960,875,275,147,1151,1191,1202,1159,1094,281,138,1127,1183,1134,1203,1174,307,157,1229,1228,1244,1190,1138,335,162,1207,1280,1198,1195,1187,304,160,216,1187,1178,1159,1136,313,158,1149,1245,1218,1209,1211,319,182,1161,1184,1190,1209,1143,313,176,1144,1220,1189,1226,1131,291,166,1089,1286,1221,1200,1145,297,174,255,1120,1221,1189,1117,312,179,1139,1216,1194,1178,1105,305,142,1100,1167,1136,1063,1086,297,175,1092,1139,1075,1106,1042,280,156,1012,1097,1059,1008,1012,289,164,979,1069,1065,1009,1007,278,164,1038,1043,992,1029,983,299,157,977,986,1003,962,932,221,131,172,934,1017,1036,983,280,151,966,1030,1031,1015,899,274,164,989,1035,1019,1021,1017,281,161,1008,1056,1084,1055,1044,302,153,1134,1190,1203,1141,1153,276,150,1183,1201,1202,1206,1175,297,160,1155,1238,1268,1212,1196,293,175,1191,1246,1272,1245,1156,282,160,1204,1305,1285,1270,1229,314,147,1171,1240,1266,1290,1248,300,156,1263,1278,1305,1313,1216,286,144,1274,1326,1293,1290,1237,284,131,1211,1332,1330,1293,1189,293,146,208,1228,1204,1172,1140,330,181,1271,1327,1348,1331,1252,344,191,1232,1319,1346,1332,1186,269,127,1187,1292,1202,1274,1193,265,160,1220,1215,1186,1216,1174,327,148,1216,1294,1293,1212,1156,285,124,1227,1345,1263,1279,1178,291,164,1212,1218,1178,1037,614,250,73,101,203,351,376,336,176
91,193,124,1191,1463,1889,1895,1906,356,128,1815,2010,1666,1641,1447,327,142,1895,1975,1964,2001,1877,430,152,1866,1913,1936,1970,1908,454,164,1924,2040,2068,1975,1911,414,170,1933,1975,2013,2017,1978,450,211,1659,1729,1708,1490,1444,464,162,1978,1987,2009,2051,1784,450,177,1982,2033,2041,2077,1970,481,178,1974,2032,2087,2090,1965,534,221,1957,2035,2042,285,1151,433,209,1498,1575,1615,1462,878,367,143,193,1478,1578,1534,1383,465,174,1995,2038,1989,2049,2010,486,147,1982,2038,1933,2018,1940,511,171,2006,2024,1996,2022,1950,479,194,2039,1954,1960,1967,1694,441,156,219,1826,1848,1902,1758,502,195,1959,1975,1988,1974,1917,525,225,2012,2017,1931,1977,1870,485,222,1920,1985,1882,1976,1757,488,184,1854,1892,1989,1905,1599,415,204,318,1662,1835,1760,1670,502,221,1778,1840,1732,1731,1588,495,207,1646,1672,1664,1680,1497,450,218,1569,1653,1589,1568,1320,434,176,1442,1516,1475,1467,1371,408,184,1389,1459,1398,1463,1343,430,202,1420,1421,1388,1424,1364,422,142,1346,1478,1416,1435,1299,378,156,190,1398,1416,1430,1303,466,182,1426,1499,1444,1430,1348,417,211,1347,1448,1444,1488,1340,448,167,1424,1456,1457,1614,1536,419,206,1736,1856,1858,1985,1944,423,202,1894,1970,2006,2044,1847,499,214,1968,2012,2093,2054,1878,446,220,2059,2046,2009,2047,1984,440,238,2075,2094,2095,2008,1829,537,205,2069,2064,2050,1988,1924,515,247,2024,2034,2040,2037,1966,475,212,2044,2082,2047,1900,1995,506,201,2013,2041,2062,1855,1794,465,208,223,1497,1573,1553,1481,493,223,1901,1885,2041,2073,2023,533,210,2006,2056,2057,2034,1926,448,179,1968,2088,2018,2005,1894,496,167,2004,2033,1930,1999,1819,497,203,1959,1993,2029,1934,1794,573,201,1786,2050,2013,1994,1862,471,193,1892,1922,1909,1638,959,368,60,131,205,434,508,512,261
119,285,195,719,824,1062,1132,1095,625,247,1303,1138,1335,1277,1176,541,277,1158,1150,1112,1193,1049,733,299,1273,1234,1050,1195,1133,739,336,961,1204,1162,1213,1082,735,349,1222,1224,1214,1293,1218,707,307,1196,1083,1080,1009,954,668,361,1183,1223,1218,1245,1086,769,362,1258,1168,1184,1207,1148,760,364,1129,1132,1194,1203,1152,843,447,1238,1186,1265,368,859,670,374,977,1063,1004,1062,706,527,245,280,999,961,1020,925,640,363,1117,1208,1200,1324,1222,751,207,1170,1257,1259,1235,1134,957,435,1111,1174,1252,1164,1198,790,405,1113,1254,1187,1189,1132,719,303,305,1060,1101,1033,1044,777,382,1153,1169,1166,1190,1198,801,385,1138,1200,1122,1121,1095,781,400,1109,1182,1152,1138,1123,812,374,1071,1162,1495,1153,1097,730,360,448,1092,1162,1165,1175,744,362,1067,1093,1164,1147,1136,700,332,1055,1156,1120,1098,1056,640,359,1030,1077,1031,1046,972,634,297,986,1106,1048,1020,971,589,303,945,955,986,953,939,589,315,877,968,918,949,911,615,287,898,937,908,977,942,595,303,237,919,916,958,937,563,296,935,956,965,963,925,691,327,985,1044,1088,1091,1065,583,332,932,992,1016,1050,991,642,341,966,989,1316,1174,1108,614,420,1154,1152,1264,1230,1238,820,291,1349,1299,1254,1332,1203,781,349,1218,1253,1253,1274,1250,647,319,1232,1273,1261,1295,1224,817,373,1269,1310,1303,1305,1212,961,387,1251,1285,1307,1274,1199,834,390,1143,1262,1319,1298,1177,862,409,1246,1286,1266,1259,1184,703,340,341,1010,980,1030,1022,771,346,1175,1270,1293,1225,1191,901,403,1260,1368,1391,1291,1279,754,401,1254,1270,1353,1263,1222,837,395,1333,1414,1312,1305,1220,782,410,1225,1314,1344,1277,1193,874,410,1267,1275,1323,1219,1316,772,388,1245,1272,1292,1196,806,547,152,228,322,455,514,532,370
183,435,272,593,670,711,647,755,759,390,739,694,804,770,714,745,430,682,777,742,758,777,804,401,709,666,765,736,821,781,411,720,790,751,754,796,824,459,657,796,829,815,811,815,464,747,779,756,809,852,787,498,745,778,811,849,870,817,491,707,762,790,780,837,829,514,704,795,862,807,865,904,552,804,811,844,517,855,803,518,784,809,860,788,817,707,331,418,793,814,817,835,851,486,747,773,714,779,806,891,330,771,808,780,807,836,925,533,786,805,838,794,860,923,521,758,787,802,804,847,865,418,439,788,840,872,812,847,464,780,828,803,791,902,849,487,760,874,816,766,815,910,514,755,807,860,856,926,866,541,788,882,1043,910,951,917,509,632,814,855,835,882,843,451,731,805,801,811,830,923,477,800,807,862,791,866,836,488,764,756,833,813,845,716,430,797,774,895,835,822,693,392,765,795,851,835,858,765,480,876,922,837,804,917,799,447,763,807,840,874,852,715,412,383,801,846,836,867,742,434,765,809,855,849,863,768,443,750,794,791,828,808,743,450,729,836,840,855,859,830,474,792,841,888,784,858,817,467,795,764,771,837,880,874,451,832,842,925,832,881,890,493,808,805,873,803,888,775,503,789,849,897,854,738,883,517,822,869,830,847,866,954,518,795,789,879,811,887,861,490,795,857,813,855,925,930,521,831,837,859,921,945,805,479,509,865,903,942,911,835,549,747,815,862,811,841,945,490,782,732,873,842,938,887,473,765,797,866,868,908,949,545,749,861,826,886,919,915,529,833,899,946,876,858,956,541,860,887,879,953,962,845,577,888,897,995,1000,966,697,290,322,452,663,643,630,540
313,596,435,752,775,770,755,778,917,553,742,798,765,802,769,904,547,744,812,779,783,853,1021,566,748,721,804,820,823,942,628,719,779,809,824,842,938,573,743,752,808,821,875,1003,581,809,805,798,896,964,924,618,755,759,849,851,926,989,735,767,792,827,884,849,1020,647,771,823,826,821,919,1095,728,874,842,906,677,1014,929,634,816,821,878,918,868,865,471,634,860,896,909,883,1012,624,778,795,789,857,874,1020,472,778,841,820,817,906,974,685,797,799,801,856,907,1034,664,768,809,830,916,924,1041,621,690,874,856,897,1000,1047,614,811,817,876,859,877,1079,716,766,764,845,854,923,1043,685,813,818,884,883,899,958,667,845,910,1049,872,1008,1033,722,1142,819,914,868,933,1000,620,778,744,862,913,940,1035,679,755,773,873,826,851,939,706,816,783,850,851,921,918,608,783,766,826,877,809,818,619,783,802,862,853,880,899,654,852,836,834,880,925,978,602,916,777,875,856,926,917,550,506,846,864,841,897,891,622,791,776,833,843,912,887,584,806,832,839,840,871,1042,666,830,861,931,954,982,998,705,817,833,937,847,916,980,695,825,840,825,875,1003,995,626,790,829,876,818,934,974,640,798,797,764,830,916,915,734,813,810,819,851,989,1068,744,861,788,806,818,924,1065,704,830,816,839,815,941,1010,686,809,793,776,894,973,1023,741,816,834,857,896,1027,959,656,743,1034,925,933,983,946,666,763,892,827,856,915,1097,692,780,800,810,852,978,970,741,815,807,841,869,944,1051,748,814,800,835,920,976,1100,765,831,853,970,873,931,1220,840,927,866,874,989,1026,1058,812,970,1012,997,1245,1167,839,449,513,675,847,844,832,769
481,824,634,792,838,854,775,883,1030,701,788,768,861,854,888,1003,717,808,863,891,911,994,1061,748,798,713,892,824,1050,1153,859,821,930,917,936,1100,1133,816,807,895,918,928,1079,1131,814,871,848,899,973,1163,1064,863,832,828,858,838,1094,1113,859,844,834,899,846,1032,1185,781,802,854,921,940,1036,1129,944,856,871,1093,778,1113,1050,818,874,917,894,938,1066,969,627,766,930,895,957,1057,1071,803,907,808,869,943,1120,1203,632,871,893,849,935,1077,1169,884,855,862,927,882,1074,1172,928,899,831,940,1020,1086,1138,786,887,912,956,947,1124,1079,890,866,886,934,939,1033,1103,868,904,905,935,993,1089,1067,844,903,926,946,937,1135,1158,834,890,947,1147,936,1126,1020,774,1247,913,955,917,1060,1080,803,927,850,897,963,1049,1217,849,845,936,964,848,996,1094,842,839,876,848,979,1070,1016,691,823,863,903,900,981,1005,731,831,872,898,857,1032,978,849,896,840,866,881,970,1037,796,918,845,904,929,986,975,753,693,948,880,928,998,913,717,818,854,965,932,1025,950,749,903,924,944,948,1081,1065,840,889,917,918,933,1059,1094,872,883,900,930,916,1065,1030,830,954,927,948,916,1125,1160,782,864,914,953,913,1080,1195,809,931,879,966,980,1057,1023,932,821,934,888,989,1031,1305,821,899,923,877,922,1112,1230,876,849,868,961,914,1088,1262,933,860,934,877,931,1203,1211,911,930,891,929,969,1188,1128,950,853,1011,941,957,1140,1155,844,887,880,874,880,1088,1170,855,856,875,959,941,1018,1115,809,908,949,877,926,1130,1152,885,880,915,929,939,1086,1195,981,880,872,1091,965,1096,1289,907,920,939,998,1059,1223,1272,983,1092,1067,1162,1729,1291,982,646,644,835,866,994,993,815
541,909,808,928,880,1038,865,1021,1049,861,844,873,1040,827,973,1091,888,877,893,1095,936,1058,1131,832,929,883,1102,940,1042,1177,923,876,932,1089,971,1141,1117,846,844,950,1124,987,1117,1124,952,999,920,1001,1017,1255,1108,955,908,842,1109,963,1228,1185,1052,943,921,1098,917,1176,1168,1001,898,953,1139,919,1188,1154,1028,949,902,1231,736,1135,1042,926,917,961,1005,1027,1041,928,715,852,1002,928,811,1091,1135,955,907,914,1092,929,1144,1236,773,914,917,1105,946,1180,1241,973,883,906,1058,945,1094,1094,924,937,1002,1108,986,1128,1141,1016,897,1040,1058,964,1220,1096,934,971,879,1121,962,1182,1230,902,954,984,1127,1031,1079,1183,970,920,1062,1042,988,1159,1153,939,917,1006,1287,1046,1196,981,793,1417,1002,1013,1025,1109,1040,860,983,917,1003,995,1131,1242,1004,942,929,969,972,1168,1098,964,840,883,884,949,1119,982,862,883,918,914,935,1071,908,843,942,996,919,992,1070,923,916,939,927,942,987,1137,1059,882,944,902,924,983,1154,891,768,779,951,961,925,1000,1001,883,965,887,1001,973,1089,998,857,935,926,1021,970,1036,1058,957,937,979,1033,1010,1125,1161,995,1052,937,1096,913,1097,1129,883,938,941,1132,895,1076,1239,892,924,1023,1123,1021,1297,1177,926,951,933,1091,957,1186,1085,1023,893,950,1190,956,1279,1274,920,920,960,1149,1050,1139,1247,1008,949,922,1119,1015,1184,1236,1020,925,946,1102,999,1163,1124,1052,952,960,1221,1087,1267,1081,967,911,1138,1058,1036,1157,1268,904,910,958,1099,937,1237,1303,936,877,960,1087,977,1216,1092,1016,924,962,1098,985,1257,1188,1005,997,940,1180,1029,1129,1143,997,962,1000,1338,997,1173,1303,1057,1011,985,1101,1042,1288,1237,1063,1159,1195,1341,1742,1390,953,690,788,955,973,1042,1036,843
575,903,899,931,1000,1025,918,1092,1037,949,927,954,984,977,1090,992,817,932,940,1010,879,1066,1052,885,970,938,1037,929,1174,1020,961,919,952,1021,935,1207,1003,887,974,1005,967,1036,1193,1067,959,962,972,1072,1025,1282,1043,1024,948,968,1062,1002,1285,1067,1000,1009,966,1066,1017,1198,1107,942,966,962,1026,1034,1269,967,1039,1065,1020,1094,806,1132,1009,960,970,990,988,1043,1108,972,697,910,1002,989,987,1127,1104,968,982,1005,1057,1025,1168,1135,738,961,1004,1023,1071,1213,1057,1009,971,995,1039,1024,1204,1119,953,988,980,1046,1072,1246,1037,963,930,963,1003,1037,1167,1083,972,1003,949,1116,1049,1228,1049,969,976,1011,1101,1041,1231,1061,959,1011,1009,1103,1065,1215,1107,954,1009,996,1242,1030,1281,914,772,1479,1035,1002,1045,1171,1079,974,1002,984,979,946,1175,911,1081,944,958,1006,967,1185,1011,557,898,953,911,1006,1153,1005,820,945,986,1009,999,1209,944,852,979,991,960,1037,1109,946,944,930,883,922,992,1070,1044,893,965,916,988,1027,1070,895,783,842,967,962,1010,1081,954,887,987,911,960,961,1019,953,787,933,950,984,996,1052,988,983,968,1082,1009,998,1164,1067,917,992,1015,1128,1028,1092,1132,887,996,1026,1080,1006,1172,1039,937,952,1021,1066,978,1330,1137,986,1022,956,1086,961,1282,1087,1047,966,1063,1077,1000,1302,1191,1073,978,1079,1141,1060,1274,1096,1050,979,1015,1070,1017,1353,1196,1112,959,1071,1073,1008,1296,1102,1143,988,1000,1154,1139,1357,1078,1010,991,1039,1059,1064,1346,1132,1084,965,1103,1090,1082,1333,1130,1045,980,979,1089,1035,1286,1135,1067,928,1025,1061,1054,1373,1146,1120,1010,1059,1174,1101,1318,1216,1103,1101,1062,1148,1005,1284,1173,1024,1087,1038,1165,1089,1338,1101,1065,1159,1176,1172,1419,1369,958,532,725,988,1098,1081,1030,937
608,806,833,1069,1089,1165,1199,1384,1018,921,1214,1216,1154,1223,1432,979,803,1196,1210,1197,1179,1473,1066,910,1061,1099,1104,1119,1511,1044,936,1161,1192,1200,1192,1589,999,739,1156,1154,1267,1156,1531,845,944,1088,1167,1167,1153,1484,1050,913,1181,1225,1192,1255,1593,1024,947,1200,1221,1157,1222,1508,1012,955,1117,1193,1262,1219,1580,1040,960,1261,1209,1243,704,1292,948,874,1075,1066,1149,1161,1105,946,694,972,973,1079,1067,1353,1043,907,1190,1195,1260,1189,1533,1057,828,1208,1149,1254,1194,1531,1069,961,1107,1179,1260,1241,1502,1022,892,1164,1174,1343,1267,1564,1023,853,947,1226,1196,1188,1449,954,999,1199,1209,1258,1216,1578,996,1001,1191,1114,1207,1239,1494,1061,975,1184,1208,1182,1199,1423,1015,958,1166,1260,1425,1211,1441,898,790,1083,1166,1207,1178,1410,1019,875,1295,1073,1196,1108,1451,792,1003,1088,1084,1090,1090,1328,973,375,1090,1072,1066,1066,1289,931,817,1066,1080,1059,992,1309,874,850,1082,1153,1146,1086,1374,858,956,1040,1007,1055,1042,1328,938,846,1035,1032,1059,1050,1346,839,716,868,977,1058,1104,1324,956,790,1032,1070,1065,1056,1255,868,828,1007,1109,1132,1131,1335,1093,871,1059,1060,1143,1096,1372,1138,840,1121,1171,1251,1274,1467,960,867,1167,1230,1275,1152,1458,1085,994,1227,1236,1278,1285,1596,1076,790,1199,1240,1252,1230,1501,1038,943,1247,1223,1244,1269,1620,1171,1074,1195,1274,1239,1259,1566,1146,981,1161,1239,1266,1225,1637,1144,970,1245,1244,1354,1283,1661,1113,1066,1225,1277,1328,1331,1529,1096,988,963,1223,1120,1241,1496,1142,1007,1212,1243,1292,1252,1658,1042,987,1255,1280,1341,1254,1614,1054,1023,1241,1247,1337,1277,1665,1083,1011,1158,1296,1369,1309,1635,1166,1061,1273,1299,1389,1309,1579,1167,1076,1258,1316,1303,1358,1669,1081,1059,1271,1425,1455,1548,1424,926,346,680,904,1128,1074,1156,858
530,789,889,1409,1461,1450,1533,1666,987,906,1563,1591,1454,1652,1733,931,839,1620,1644,1559,1581,1687,941,869,1673,1641,1515,1642,1734,1076,977,1616,1672,1549,1637,1724,940,641,1633,1699,1579,1707,1723,906,1023,1509,1587,1513,1518,1642,1006,903,1697,1720,1604,1774,1845,1053,925,1566,1628,1538,1741,1835,1058,975,1691,1730,1602,1782,1722,999,909,1714,1692,1629,746,1438,985,896,1514,1505,1519,1447,1228,972,681,857,1431,1428,1468,1554,1115,956,1711,1711,1545,1730,1736,1133,753,1665,1706,1580,1779,1810,1077,951,1743,1747,1595,1768,1851,1143,944,1704,1692,1606,1702,1778,939,978,947,1698,1569,1748,1740,944,1094,1678,1754,1622,1696,1744,935,894,1735,1678,1520,1730,1908,1078,901,1590,1636,1559,1609,1677,1008,870,1610,1670,1718,1612,1647,826,690,945,1485,1539,1606,1691,966,870,1855,1522,1526,1496,1553,963,981,1464,1494,1372,1461,1655,1017,688,1371,1377,1453,1470,1542,934,793,1405,1402,1461,1453,1514,875,846,1421,1436,1425,1421,1473,976,849,1348,1389,1394,1410,1458,908,854,1380,1398,1362,1450,1502,786,656,828,1368,1430,1401,1503,866,732,1336,1300,1344,1355,1548,917,746,1401,1433,1511,1481,1631,987,926,1465,1423,1519,1532,1651,1065,737,1515,1645,1553,1773,1752,914,683,1655,1642,1574,1710,1830,1095,982,1640,1719,1617,1782,1820,986,734,1685,1705,1574,1718,1823,947,989,1695,1730,1655,1773,1694,1080,957,1709,1733,1628,1810,1769,1080,996,1756,1784,1611,1760,1834,1148,849,1704,1748,1692,1798,1897,1051,1017,1733,1692,1662,1655,1761,989,906,882,1492,1636,1618,1744,1048,975,1609,1683,1696,1720,1834,1049,1010,1666,1711,1667,1717,1752,1107,1048,1723,1779,1660,1763,1746,1105,1043,1705,1707,1667,1797,1718,1117,1047,1726,1760,1769,1686,1780,1236,1088,1725,1719,1630,1751,1808,1048,1021,1725,1709,1642,1603,1294,839,261,682,1022,1004,1086,1096,836
463,787,744,1694,1777,1758,1778,1580,892,910,1781,1902,1740,1828,1624,905,768,1869,1909,1869,1842,1634,896,810,1893,1845,1867,1839,1619,1008,870,1878,1878,1914,1921,1692,977,749,1806,1892,1894,1987,1702,870,906,1830,1792,1888,1939,1579,896,804,1940,1948,1871,1896,1689,829,924,1858,1947,1893,1884,1699,969,894,1867,1982,1913,1923,1696,957,885,1872,1914,1977,721,1445,835,864,1834,1835,1883,1785,1174,796,631,862,1793,1829,1880,1678,1040,870,1971,1944,1857,1935,1735,960,637,1955,1920,1908,2013,1778,1023,938,1897,2029,1972,1895,1696,1053,848,1877,1960,1947,1903,1712,871,826,943,1897,1871,2002,1748,939,976,1870,1812,1826,1883,1614,915,962,1852,1925,1882,1901,1684,981,796,1882,1906,1863,1859,1595,945,875,1828,1880,1896,1814,1561,829,761,863,1615,1783,1821,1676,893,795,1549,1842,1738,1812,1575,880,882,1824,1816,1815,1779,1536,825,663,1726,1786,1738,1728,1544,938,754,1688,1810,1747,1732,1534,743,780,1766,1703,1795,1772,1520,851,917,1703,1654,1701,1715,1565,899,857,1768,1804,1732,1808,1392,794,704,751,1774,1787,1829,1564,896,841,1739,1772,1771,1752,1543,853,833,1707,1762,1834,1814,1560,917,838,1766,1878,1734,1840,1615,966,899,1814,1887,1816,1855,1621,943,843,1837,1872,1816,1977,1681,1032,1022,1869,1973,1766,1895,1784,921,860,1905,1890,1773,1873,1670,981,961,1841,1816,1832,1733,1678,797,1027,1919,1929,1992,1910,1764,982,1052,1915,1866,1918,1868,1595,1027,992,1891,1906,1924,1941,1821,1053,962,1917,1805,1847,1937,1676,966,828,889,1704,1900,1760,1609,1010,917,1869,1846,1860,1824,1637,985,969,1864,1837,1816,1813,1752,939,951,1834,1832,1824,1804,1655,957,908,1812,1802,1872,1844,1664,995,931,1753,1790,1803,1764,1587,1001,921,1798,1797,1767,1787,1705,1112,925,1845,1751,1714,1583,1098,724,278,654,1070,961,1026,990,709
347,684,680,1072,1292,1167,1160,1192,732,702,1409,1405,1308,1368,1125,760,670,1352,1354,1309,1424,1334,778,783,1361,1462,1377,1374,1239,785,725,1316,1405,1464,1457,1198,769,754,1345,1435,1406,1491,1249,751,792,1252,1389,1401,1468,1247,854,804,1365,1571,1462,1386,1304,704,792,1364,1477,1409,1451,1284,849,782,1506,1514,1509,1547,1294,898,878,1506,1537,1629,628,1045,661,846,1277,1343,1486,1406,962,746,636,751,1301,1343,1382,1212,761,805,1455,1575,1555,1578,1364,857,627,1409,1509,1540,1601,1392,907,801,1449,1517,1497,1567,1281,848,889,1404,1523,1577,1687,1472,813,787,858,1458,1561,1614,1308,824,921,1456,1503,1574,1624,1292,846,839,1454,1523,1441,1613,1271,845,823,1423,1413,1411,1452,1273,832,846,1318,1463,1489,1475,1208,784,763,816,1239,1352,1470,1229,821,784,773,1334,1438,1466,1189,839,938,1222,1384,1358,1437,1272,763,696,1206,1364,1377,1448,1134,849,812,1198,1338,1314,1405,1089,716,744,1202,1285,1316,1337,1132,847,812,1198,1206,1246,1344,1188,837,856,1212,1299,1362,1392,1026,778,730,693,1326,1301,1443,1137,839,805,1230,1355,1310,1376,1143,836,864,1210,1355,1357,1438,1253,819,816,1392,1460,1458,1537,1249,908,858,1339,1457,1439,1492,1231,860,865,1333,1348,1457,1497,1295,781,991,1514,1556,1519,1544,1353,818,835,1403,1557,1531,1519,1271,846,900,1515,1592,1708,1608,1237,765,917,1367,1585,1579,1523,1363,926,929,1406,1567,1537,1588,1240,980,912,1446,1555,1567,1550,1308,904,843,1472,1564,1605,1583,1253,797,758,696,1338,1448,1422,1263,750,813,1364,1442,1439,1593,1281,727,859,1346,1540,1391,1483,1276,680,782,1322,1449,1492,1514,1213,734,829,1388,1538,1491,1505,1299,814,875,1362,1449,1509,1325,1234,919,871,1371,1470,1610,1457,1299,896,848,1375,1380,1403,1207,855,523,268,496,742,802,845,765,564
325,541,485,702,752,702,813,744,565,541,851,880,824,811,726,591,492,849,863,852,885,847,639,577,889,923,905,890,892,662,595,821,848,884,999,781,635,605,802,843,876,968,926,646,698,803,777,946,1019,823,613,583,880,914,918,989,916,675,647,825,867,959,893,943,689,642,887,889,966,957,901,682,712,895,964,1007,545,800,647,684,848,900,970,1054,749,574,579,625,905,921,928,829,683,636,887,954,950,916,957,661,495,934,962,861,1005,905,684,679,857,940,958,945,879,712,596,894,971,970,1019,984,675,649,670,944,879,954,982,666,772,891,956,997,1024,945,704,729,889,906,947,970,896,700,683,838,918,874,994,909,717,681,882,932,952,1013,933,625,622,700,975,891,963,920,690,641,755,932,877,946,876,652,640,787,818,847,976,910,606,594,787,888,967,942,913,668,666,836,865,853,982,785,610,584,782,792,859,905,871,749,643,798,895,844,913,908,607,663,812,819,847,941,871,577,535,577,760,857,951,837,618,625,823,844,930,906,902,646,665,800,882,905,894,955,700,598,843,933,886,982,912,714,756,913,934,903,1020,956,708,639,916,1008,893,1024,886,759,727,839,986,1025,941,962,698,752,946,931,922,999,980,666,788,1007,1046,1054,1126,1028,698,744,873,958,990,1023,968,706,712,924,936,978,1010,935,826,655,853,945,1002,1013,999,714,670,862,948,1057,1114,985,677,673,541,811,942,916,1016,665,602,873,867,941,950,868,626,616,840,858,978,913,946,587,600,827,901,862,910,967,689,626,870,993,957,934,959,676,608,868,922,954,1056,1018,768,665,903,935,937,941,967,800,677,929,949,950,988,764,443,332,498,585,667,644,703,466
262,408,344,449,506,464,609,527,400,390,527,633,511,553,483,433,415,580,610,572,627,616,489,474,573,590,547,643,583,444,494,563,604,613,701,614,472,487,550,595,622,664,596,443,530,556,551,616,680,652,540,478,632,601,573,649,653,462,525,571,629,571,660,629,483,465,581,615,615,669,648,482,450,603,608,677,406,612,462,472,580,624,623,609,549,439,475,469,619,658,687,615,503,489,651,659,646,682,744,475,395,614,713,653,769,755,553,514,601,680,697,813,700,567,548,655,763,696,752,812,516,469,540,664,639,804,711,576,531,641,660,697,774,739,566,532,636,688,663,806,684,522,529,627,641,695,770,692,501,515,654,686,663,702,663,471,521,562,635,695,719,645,508,493,536,695,593,745,639,473,467,627,619,463,746,676,537,526,573,608,671,669,647,445,495,621,647,594,606,644,457,382,578,609,635,663,651,523,543,587,592,603,602,600,549,600,551,608,671,694,639,478,440,438,583,628,685,677,456,532,577,680,674,674,573,492,573,635,661,659,688,648,539,460,642,654,722,739,692,523,666,617,725,628,729,709,548,555,585,693,685,765,675,580,572,546,745,659,752,709,516,611,598,657,674,772,680,521,616,615,749,670,768,683,537,564,593,654,632,686,697,492,590,623,625,636,726,639,496,566,526,592,582,751,699,473,547,600,629,658,741,676,479,461,534,532,630,660,658,405,492,596,553,623,702,570,411,546,617,585,606,660,610,460,535,562,587,616,666,697,508,475,590,565,592,682,694,468,498,551,554,593,746,700,545,506,600,623,667,692,778,532,545,642,663,767,768,631,335,300,429,453,457,499,515,458
196,289,274,308,360,314,335,339,282,318,370,372,347,361,339,293,272,382,360,336,411,399,287,287,387,387,388,472,432,329,293,408,480,422,511,403,289,341,376,436,469,544,438,294,309,377,392,444,484,403,326,316,433,420,445,506,401,327,361,377,402,434,485,448,339,329,412,441,449,475,440,420,350,439,496,488,281,350,293,338,396,428,475,474,384,274,345,323,433,428,498,455,329,342,431,435,490,478,478,366,265,431,484,510,511,554,344,346,426,525,497,559,477,370,378,445,481,522,571,578,308,355,365,505,457,563,497,388,357,415,486,511,595,535,396,396,454,452,485,557,503,408,335,438,484,489,536,506,392,368,457,480,605,566,579,369,385,383,480,497,514,447,325,365,329,491,464,537,553,365,341,417,427,292,496,538,332,321,383,499,466,511,435,446,364,389,431,411,464,407,280,293,418,420,497,488,420,332,406,441,494,454,452,469,412,380,386,418,444,552,458,322,324,295,436,485,541,509,341,337,448,435,478,485,459,345,439,449,430,403,487,546,365,310,427,499,506,506,570,388,409,433,459,435,444,454,366,295,435,443,423,498,491,412,381,369,593,444,484,493,324,434,413,456,451,533,456,330,416,471,540,517,530,511,346,353,394,460,506,468,460,301,381,476,492,503,506,454,364,378,392,464,518,564,445,331,339,459,429,526,560,478,307,302,373,428,454,467,475,261,343,396,429,469,476,436,302,360,426,420,443,482,487,303,324,380,472,501,515,491,334,302,434,472,439,453,452,279,348,390,366,444,471,535,300,292,410,404,460,495,504,349,371,380,458,481,523,482,253,249,294,264,291,350,343,253
118,210,173,237,245,226,226,273,236,167,174,242,229,212,205,215,165,238,232,241,311,309,265,202,254,276,287,280,299,281,183,242,261,316,271,282,255,194,261,289,264,355,305,253,256,254,253,308,308,298,241,197,257,280,294,296,298,265,240,272,251,265,296,308,247,247,244,277,328,309,318,255,238,259,285,352,226,279,230,197,255,226,276,269,270,236,216,239,249,305,327,310,244,232,244,298,326,340,312,250,187,258,275,316,339,321,274,230,234,317,343,329,349,327,269,268,313,307,326,385,307,293,275,271,332,332,329,273,243,231,290,314,359,361,335,278,308,297,300,355,335,296,267,334,319,327,395,342,308,260,306,411,348,386,389,279,278,272,300,394,338,332,310,241,225,324,329,354,327,294,210,267,336,340,370,328,290,224,261,302,374,309,345,259,290,265,319,309,398,266,283,193,278,338,339,320,281,270,261,279,231,272,361,323,281,279,288,268,313,321,330,291,252,211,282,307,379,310,263,221,290,288,333,364,317,302,247,280,300,330,307,382,292,218,281,310,292,333,364,292,257,235,259,275,356,297,242,204,208,257,292,277,313,280,266,239,271,312,298,367,268,266,241,277,326,315,333,266,266,253,303,266,317,346,296,232,266,301,302,316,321,275,244,256,264,304,320,345,285,199,279,297,322,349,343,271,215,236,312,329,385,375,251,289,276,248,243,316,397,261,226,224,287,298,352,320,240,213,245,261,320,320,293,235,193,228,252,280,312,323,239,227,250,236,271,302,273,236,173,259,332,341,318,318,282,228,262,246,290,349,396,264,244,299,302,360,412,368,164,170,208,193,245,265,263,184
110,181,129,134,124,145,110,169,191,85,108,116,98,115,165,215,125,130,139,171,185,204,202,149,117,163,162,202,217,240,134,135,130,156,160,236,230,116,104,154,162,194,234,206,180,157,163,188,192,207,184,126,118,129,147,208,202,235,134,137,146,141,179,207,232,119,131,135,186,167,238,237,124,134,140,258,156,164,164,117,144,163,186,208,169,185,168,129,179,165,182,239,227,135,123,138,134,186,224,219,94,137,139,148,182,242,236,146,121,160,166,196,237,261,140,135,160,170,239,222,203,224,146,161,136,200,215,232,170,127,140,138,228,230,209,169,155,172,160,197,201,238,171,155,156,167,230,217,257,138,150,165,213,252,281,209,196,142,194,147,220,236,267,133,123,166,205,200,245,191,189,147,173,199,215,257,265,119,158,184,228,219,238,257,183,143,215,179,205,189,223,182,147,207,178,177,197,256,164,160,178,175,183,225,221,199,146,185,177,216,204,198,172,141,154,169,190,191,185,158,162,179,176,194,227,201,163,139,164,162,192,222,220,138,141,182,178,177,241,209,162,135,179,180,188,213,208,126,127,155,142,177,236,235,122,119,144,180,172,212,229,150,115,168,145,196,239,269,137,125,191,196,154,267,228,115,104,177,173,171,255,243,150,108,153,148,181,205,263,146,138,159,142,189,219,249,127,129,148,144,288,206,260,207,147,152,156,181,271,192,125,137,127,148,185,241,166,123,115,166,179,187,221,208,99,120,149,164,184,258,183,115,113,124,133,176,249,251,110,177,179,200,235,264,243,136,150,182,173,243,312,213,132,172,199,219,274,198,130,93,123,172,214,208,185,114
